[{"model": "social_django.usersocialauth", "pk": 1, "fields": {"user": 1, "provider": "twitter", "uid": "1709810263", "extra_data": "{\"auth_time\": 1588408889, \"id\": 1709810263, \"access_token\": {\"oauth_token\": \"1709810263-boxQALTkdL5ihGjYO0SDyBuYDc3npEt3QbluDPc\", \"oauth_token_secret\": \"U4pRG0Qx1lg7Vujqg6izKXj31m2oH8U0AHBrQKA78drvO\", \"user_id\": \"1709810263\", \"screen_name\": \"ann\"}}"}}, {"model": "contenttypes.contenttype", "pk": 1, "fields": {"app_label": "admin", "model": "logentry"}}, {"model": "contenttypes.contenttype", "pk": 2, "fields": {"app_label": "social_django", "model": "association"}}, {"model": "contenttypes.contenttype", "pk": 3, "fields": {"app_label": "social_django", "model": "code"}}, {"model": "contenttypes.contenttype", "pk": 4, "fields": {"app_label": "social_django", "model": "nonce"}}, {"model": "contenttypes.contenttype", "pk": 5, "fields": {"app_label": "social_django", "model": "usersocialauth"}}, {"model": "contenttypes.contenttype", "pk": 6, "fields": {"app_label": "social_django", "model": "partial"}}, {"model": "contenttypes.contenttype", "pk": 7, "fields": {"app_label": "auth", "model": "permission"}}, {"model": "contenttypes.contenttype", "pk": 8, "fields": {"app_label": "auth", "model": "group"}}, {"model": "contenttypes.contenttype", "pk": 9, "fields": {"app_label": "auth", "model": "user"}}, {"model": "contenttypes.contenttype", "pk": 10, "fields": {"app_label": "contenttypes", "model": "contenttype"}}, {"model": "contenttypes.contenttype", "pk": 11, "fields": {"app_label": "sessions", "model": "session"}}, {"model": "contenttypes.contenttype", "pk": 12, "fields": {"app_label": "shop", "model": "cart"}}, {"model": "contenttypes.contenttype", "pk": 13, "fields": {"app_label": "shop", "model": "product"}}, {"model": "contenttypes.contenttype", "pk": 14, "fields": {"app_label": "shop", "model": "exterior"}}, {"model": "contenttypes.contenttype", "pk": 15, "fields": {"app_label": "shop", "model": "interior"}}, {"model": "contenttypes.contenttype", "pk": 16, "fields": {"app_label": "shop", "model": "order"}}, {"model": "contenttypes.contenttype", "pk": 17, "fields": {"app_label": "shop", "model": "fence"}}, {"model": "contenttypes.contenttype", "pk": 18, "fields": {"app_label": "shop", "model": "floorcoverage"}}, {"model": "contenttypes.contenttype", "pk": 19, "fields": {"app_label": "shop", "model": "furniture"}}, {"model": "contenttypes.contenttype", "pk": 20, "fields": {"app_label": "shop", "model": "groundcoverage"}}, {"model": "contenttypes.contenttype", "pk": 21, "fields": {"app_label": "shop", "model": "light"}}, {"model": "contenttypes.contenttype", "pk": 22, "fields": {"app_label": "shop", "model": "paint"}}, {"model": "contenttypes.contenttype", "pk": 23, "fields": {"app_label": "shop", "model": "plumbing"}}, {"model": "contenttypes.contenttype", "pk": 24, "fields": {"app_label": "accounts", "model": "profile"}}, {"model": "contenttypes.contenttype", "pk": 25, "fields": {"app_label": "wallets", "model": "wallet"}}, {"model": "contenttypes.contenttype", "pk": 26, "fields": {"app_label": "wallets", "model": "transaction"}}, {"model": "sessions.session", "pk": "1x1rgexkrazve3p7ecizxpy6h9ls3tti", "fields": {"session_data": "MDUzZWU3MzkyMGYxNjUzN2NjNTRhMWFjMDBlM2RhMDM0MTU2NzNlNDp7fQ==", "expire_date": "2020-05-15T21:27:26.092Z"}}, {"model": "sessions.session", "pk": "9jwqaztm9ncnzynpopgz7fv8el2lsexp", "fields": {"session_data": "N2I2ZDk3NzA2ZDA1M2UyYzI0YjkzMjBmMTAxYWI3NDFmZWZmZmQwMjp7Il9hdXRoX3VzZXJfaWQiOiIyMyIsIl9hdXRoX3VzZXJfYmFja2VuZCI6ImRqYW5nby5jb250cmliLmF1dGguYmFja2VuZHMuTW9kZWxCYWNrZW5kIiwiX2F1dGhfdXNlcl9oYXNoIjoiNmIxNDE3YmZlNDM2YWFlNzJjZDM4ZjJiYmU4OTY0OGEyMGY1YzNhYiJ9", "expire_date": "2020-05-26T20:59:59.476Z"}}, {"model": "sessions.session", "pk": "e5yuq2u3jaihvnxkigkncty1la2rxfm0", "fields": {"session_data": "MTk5OWM3OTY1NWM4OWRjM2IxZTEwZjQyYTM0ODU3YWUwY2E2ODAzNDp7InR3aXR0ZXJfc3RhdGUiOiJyZ004T283MlVlamJsUFdiRXlSbWh1SHY1TlowTUZCdCIsInR3aXR0ZXJ1bmF1dGhvcml6ZWRfdG9rZW5fbmFtZSI6WyJvYXV0aF90b2tlbj1LeFkycFFBQUFBQUJFQXRQQUFBQmNlWTNid2smb2F1dGhfdG9rZW5fc2VjcmV0PVg2UGZjNlkzYXlzWm84SHlJN2I3WDh4QjBjaHhaUzFLJm9hdXRoX2NhbGxiYWNrX2NvbmZpcm1lZD10cnVlIl0sIl9hdXRoX3VzZXJfaWQiOiIyIiwiX2F1dGhfdXNlcl9iYWNrZW5kIjoiZGphbmdvLmNvbnRyaWIuYXV0aC5iYWNrZW5kcy5Nb2RlbEJhY2tlbmQiLCJfYXV0aF91c2VyX2hhc2giOiJkMzI1NGU2MDIwMjdjYWQ0MjY4NWIyNTllZjM4ZjQyMTNmMDQzNWJjIn0=", "expire_date": "2020-05-19T19:05:45.211Z"}}, {"model": "sessions.session", "pk": "g2a2kdpe769o2vg3a2y7qq13j8255455", "fields": {"session_data": "MTk5YTJmYjExOWM5YTA3M2UxYzY1NjQ5YmIyMjExOTdhZDliOTJhYjp7Il9hdXRoX3VzZXJfaWQiOiIxIiwiX2F1dGhfdXNlcl9iYWNrZW5kIjoiZGphbmdvLmNvbnRyaWIuYXV0aC5iYWNrZW5kcy5Nb2RlbEJhY2tlbmQiLCJfYXV0aF91c2VyX2hhc2giOiI3NzdmY2VkYmYyZGYyYmM5MTNhNTc2NjliNWE3ZGJkYWFmYjk2Y2JhIn0=", "expire_date": "2020-05-11T20:35:43.830Z"}}, {"model": "sessions.session", "pk": "hst87fw0vqnpv1xtref9pz3uk1xc2umd", "fields": {"session_data": "NDZjNzUxZjQ5MWIzYzlhOGFhNmVhYjdlNmZhODBhOTZjYWM4NzYzMjp7Il9hdXRoX3VzZXJfaWQiOiIyMSIsIl9hdXRoX3VzZXJfYmFja2VuZCI6ImRqYW5nby5jb250cmliLmF1dGguYmFja2VuZHMuTW9kZWxCYWNrZW5kIiwiX2F1dGhfdXNlcl9oYXNoIjoiOWUxZjEzN2MyNzM3MTMwNmI3NmY5NDAzMjUyZTc5ZGIzMDFlYjM1NiJ9", "expire_date": "2020-05-25T10:08:01.568Z"}}, {"model": "sessions.session", "pk": "rossw5bkvei5q1da1l9uzb3vorpxdwmx", "fields": {"session_data": "MTk5YTJmYjExOWM5YTA3M2UxYzY1NjQ5YmIyMjExOTdhZDliOTJhYjp7Il9hdXRoX3VzZXJfaWQiOiIxIiwiX2F1dGhfdXNlcl9iYWNrZW5kIjoiZGphbmdvLmNvbnRyaWIuYXV0aC5iYWNrZW5kcy5Nb2RlbEJhY2tlbmQiLCJfYXV0aF91c2VyX2hhc2giOiI3NzdmY2VkYmYyZGYyYmM5MTNhNTc2NjliNWE3ZGJkYWFmYjk2Y2JhIn0=", "expire_date": "2020-05-28T10:42:57.457Z"}}, {"model": "sessions.session", "pk": "sg1wam7kbzxwbbexpap2hswheon2tq1e", "fields": {"session_data": "YzFiZTE4YWNmYzQxZDAyZTMzZjFkZWRlYmIxMjRiOTFkZDA4ZGEyYTp7ImZhY2Vib29rX3N0YXRlIjoiS1MwbzRvTGw4SzcyelpTNmpmQ0pJUEJrQ0RHZWczWWoifQ==", "expire_date": "2020-05-21T03:39:19.319Z"}}, {"model": "sessions.session", "pk": "uiyvptz708tdupj5vt4ob4vp0h3q68lz", "fields": {"session_data": "NGExYzg2YjBhYTBhOTdhZGM2MmZmMDk4NDUwZWI0MGIzMjRhMTIxNjp7InR3aXR0ZXJfc3RhdGUiOiJmN2EzcWhwc2huZkE5aTNpUjZnb1hxZXJxdndiOFBhTCIsInR3aXR0ZXJ1bmF1dGhvcml6ZWRfdG9rZW5fbmFtZSI6WyJvYXV0aF90b2tlbj01YS1iVEFBQUFBQUJFQXRQQUFBQmNlMDNFVFUmb2F1dGhfdG9rZW5fc2VjcmV0PUhaM3dzY3hEM2pPOHFGb1RzR1d0UG5mOXBmZndxVFVCJm9hdXRoX2NhbGxiYWNrX2NvbmZpcm1lZD10cnVlIl19", "expire_date": "2020-05-21T03:39:01.405Z"}}, {"model": "sessions.session", "pk": "vae8sttva558kmop65eykeb3ofu4gihb", "fields": {"session_data": "MTk5YTJmYjExOWM5YTA3M2UxYzY1NjQ5YmIyMjExOTdhZDliOTJhYjp7Il9hdXRoX3VzZXJfaWQiOiIxIiwiX2F1dGhfdXNlcl9iYWNrZW5kIjoiZGphbmdvLmNvbnRyaWIuYXV0aC5iYWNrZW5kcy5Nb2RlbEJhY2tlbmQiLCJfYXV0aF91c2VyX2hhc2giOiI3NzdmY2VkYmYyZGYyYmM5MTNhNTc2NjliNWE3ZGJkYWFmYjk2Y2JhIn0=", "expire_date": "2020-05-25T19:47:25.957Z"}}, {"model": "sessions.session", "pk": "vviizd5e425u99getvkw7202xwc6gune", "fields": {"session_data": "MDUzZWU3MzkyMGYxNjUzN2NjNTRhMWFjMDBlM2RhMDM0MTU2NzNlNDp7fQ==", "expire_date": "2020-05-20T15:05:25.505Z"}}, {"model": "shop.product", "pk": 12, "fields": {"category": "Product", "img": "shop/cow.png", "name": "Cow", "preview_text": "kefwuowef21", "detail_text": "ionefwoinewf", "price_currency": "USD", "price": "999.00", "discount_price_currency": "USD", "discount_price": "999.00", "seller": 2}}, {"model": "shop.product", "pk": 14, "fields": {"category": "Product", "img": "shop/cat_VX4bdUB.png", "name": "Cat(interior)", "preview_text": "gafsggasoi", "detail_text": "lhigadhlsgdihlids", "price_currency": "USD", "price": "21.00", "discount_price_currency": "USD", "discount_price": "21.00", "seller": 2}}, {"model": "shop.product", "pk": 15, "fields": {"category": "Product", "img": "shop/cat_oNS4gXj.png", "name": "Cat(Ext)", "preview_text": "sasodihgdihoahig", "detail_text": "oihgdahoidshogi", "price_currency": "USD", "price": "22.00", "discount_price_currency": "USD", "discount_price": "22.00", "seller": 2}}, {"model": "shop.product", "pk": 16, "fields": {"category": "Product", "img": "shop/fence.jpeg", "name": "Fence", "preview_text": "too great fence", "detail_text": "hidshkdshglhkgds", "price_currency": "USD", "price": "21.00", "discount_price_currency": "USD", "discount_price": "21.00", "seller": 1}}, {"model": "shop.product", "pk": 19, "fields": {"category": "Product", "img": "shop/Re0f_Sk_66Q.jpg", "name": "Pengvin", "preview_text": "uhogshuposhgio", "detail_text": "iughughuewg", "price_currency": "USD", "price": "211.00", "discount_price_currency": "USD", "discount_price": "211.00", "seller": 1}}, {"model": "shop.exterior", "pk": 12, "fields": {"is_water_prooved": true, "brand": "2t32t32fssaf"}}, {"model": "shop.exterior", "pk": 15, "fields": {"is_water_prooved": true, "brand": "ABBADABBA"}}, {"model": "shop.exterior", "pk": 16, "fields": {"is_water_prooved": true, "brand": "Abba"}}, {"model": "shop.fence", "pk": 16, "fields": {"is_three_dim": true, "type": "Dabba"}}, {"model": "shop.interior", "pk": 14, "fields": {"warranty": 7, "child_compatibility": true}}, {"model": "shop.interior", "pk": 19, "fields": {"warranty": 2, "child_compatibility": false}}, {"model": "shop.light", "pk": 19, "fields": {"power": 2152, "style": "NonType", "lux": 6500, "temperature": 21}}, {"model": "shop.cart", "pk": 3, "fields": {"user": 2, "item": 12, "quantity": 1, "total_price_currency": "USD", "total_price": "0", "created": "2020-05-01T21:45:54.878Z"}}, {"model": "shop.cart", "pk": 5, "fields": {"user": 1, "item": 16, "quantity": 1, "total_price_currency": "USD", "total_price": "0", "created": "2020-05-11T10:19:58.236Z"}}, {"model": "shop.cart", "pk": 7, "fields": {"user": 23, "item": 16, "quantity": 1, "total_price_currency": "USD", "total_price": "0", "created": "2020-05-12T21:01:50.164Z"}}, {"model": "shop.cart", "pk": 10, "fields": {"user": 1, "item": 19, "quantity": 1, "total_price_currency": "USD", "total_price": "0", "created": "2020-05-21T21:05:30.018Z"}}, {"model": "shop.cart", "pk": 11, "fields": {"user": 1, "item": 14, "quantity": 2, "total_price_currency": "USD", "total_price": "0", "created": "2020-05-22T10:45:26.872Z"}}, {"model": "shop.order", "pk": 2, "fields": {"user": 2, "ordered": false, "created": "2020-05-01T21:45:48.515Z", "total_price_currency": "USD", "total_price": "0", "orderitems": [3]}}, {"model": "shop.order", "pk": 4, "fields": {"user": 23, "ordered": false, "created": "2020-05-12T21:01:38.060Z", "total_price_currency": "USD", "total_price": "0", "orderitems": [7]}}, {"model": "shop.order", "pk": 5, "fields": {"user": 1, "ordered": false, "created": "2020-05-14T10:42:57.630Z", "total_price_currency": "USD", "total_price": "0", "orderitems": [10, 11]}}, {"model": "wallets.wallet", "pk": 1, "fields": {"user": 2, "balance_currency": "USD", "balance": "83958.00", "created_at": "2020-05-01T21:42:55.208Z"}}, {"model": "wallets.wallet", "pk": 2, "fields": {"user": 1, "balance_currency": "USD", "balance": "14318.00", "created_at": "2020-05-01T21:58:02.601Z"}}, {"model": "wallets.wallet", "pk": 3, "fields": {"user": 23, "balance_currency": "USD", "balance": "99902.00", "created_at": "2020-05-12T21:02:56.985Z"}}, {"model": "wallets.transaction", "pk": 1, "fields": {"wallet": 2, "amount_currency": "USD", "amount": "-1998.00", "running_balance_currency": "USD", "running_balance": "8001.00", "created_at": "2020-05-01T21:58:59.403Z"}}, {"model": "wallets.transaction", "pk": 2, "fields": {"wallet": 1, "amount_currency": "USD", "amount": "-1032.00", "running_balance_currency": "USD", "running_balance": "3968.00", "created_at": "2020-05-01T21:59:01.649Z"}}, {"model": "wallets.transaction", "pk": 3, "fields": {"wallet": 2, "amount_currency": "USD", "amount": "-1998.00", "running_balance_currency": "USD", "running_balance": "6003.00", "created_at": "2020-05-01T22:00:16.643Z"}}, {"model": "wallets.transaction", "pk": 4, "fields": {"wallet": 1, "amount_currency": "USD", "amount": "-1032.00", "running_balance_currency": "USD", "running_balance": "2936.00", "created_at": "2020-05-01T22:00:18.694Z"}}, {"model": "wallets.transaction", "pk": 5, "fields": {"wallet": 2, "amount_currency": "USD", "amount": "-1998.00", "running_balance_currency": "USD", "running_balance": "4005.00", "created_at": "2020-05-01T22:01:42.660Z"}}, {"model": "wallets.transaction", "pk": 6, "fields": {"wallet": 1, "amount_currency": "USD", "amount": "-1032.00", "running_balance_currency": "USD", "running_balance": "1904.00", "created_at": "2020-05-01T22:01:44.938Z"}}, {"model": "wallets.transaction", "pk": 7, "fields": {"wallet": 2, "amount_currency": "USD", "amount": "-1998.00", "running_balance_currency": "USD", "running_balance": "2007.00", "created_at": "2020-05-01T22:02:54.896Z"}}, {"model": "wallets.transaction", "pk": 8, "fields": {"wallet": 1, "amount_currency": "USD", "amount": "-1032.00", "running_balance_currency": "USD", "running_balance": "872.00", "created_at": "2020-05-01T22:02:57.193Z"}}, {"model": "wallets.transaction", "pk": 9, "fields": {"wallet": 2, "amount_currency": "USD", "amount": "-1998.00", "running_balance_currency": "USD", "running_balance": "9.00", "created_at": "2020-05-01T22:02:58.845Z"}}, {"model": "wallets.transaction", "pk": 10, "fields": {"wallet": 2, "amount_currency": "USD", "amount": "-2997.00", "running_balance_currency": "USD", "running_balance": "95436.00", "created_at": "2020-05-05T08:13:27.895Z"}}, {"model": "wallets.transaction", "pk": 11, "fields": {"wallet": 2, "amount_currency": "USD", "amount": "-2997.00", "running_balance_currency": "USD", "running_balance": "92439.00", "created_at": "2020-05-05T08:14:22.135Z"}}, {"model": "wallets.transaction", "pk": 12, "fields": {"wallet": 2, "amount_currency": "USD", "amount": "-2997.00", "running_balance_currency": "USD", "running_balance": "89442.00", "created_at": "2020-05-05T08:17:30.510Z"}}, {"model": "wallets.transaction", "pk": 13, "fields": {"wallet": 2, "amount_currency": "USD", "amount": "-2997.00", "running_balance_currency": "USD", "running_balance": "86445.00", "created_at": "2020-05-05T08:43:11.114Z"}}, {"model": "wallets.transaction", "pk": 14, "fields": {"wallet": 2, "amount_currency": "USD", "amount": "-2997.00", "running_balance_currency": "USD", "running_balance": "83448.00", "created_at": "2020-05-05T08:44:09.412Z"}}, {"model": "wallets.transaction", "pk": 15, "fields": {"wallet": 2, "amount_currency": "USD", "amount": "-2997.00", "running_balance_currency": "USD", "running_balance": "80451.00", "created_at": "2020-05-05T08:44:51.277Z"}}, {"model": "wallets.transaction", "pk": 16, "fields": {"wallet": 2, "amount_currency": "USD", "amount": "-2997.00", "running_balance_currency": "USD", "running_balance": "77454.00", "created_at": "2020-05-05T09:15:25.376Z"}}, {"model": "wallets.transaction", "pk": 17, "fields": {"wallet": 2, "amount_currency": "USD", "amount": "-2997.00", "running_balance_currency": "USD", "running_balance": "74457.00", "created_at": "2020-05-05T09:15:33.285Z"}}, {"model": "wallets.transaction", "pk": 18, "fields": {"wallet": 2, "amount_currency": "USD", "amount": "-3018.00", "running_balance_currency": "USD", "running_balance": "71439.00", "created_at": "2020-05-11T10:20:05.541Z"}}, {"model": "wallets.transaction", "pk": 19, "fields": {"wallet": 2, "amount_currency": "USD", "amount": "-3018.00", "running_balance_currency": "USD", "running_balance": "68421.00", "created_at": "2020-05-11T10:20:10.914Z"}}, {"model": "wallets.transaction", "pk": 20, "fields": {"wallet": 2, "amount_currency": "USD", "amount": "-3018.00", "running_balance_currency": "USD", "running_balance": "65403.00", "created_at": "2020-05-11T10:20:15.305Z"}}, {"model": "wallets.transaction", "pk": 21, "fields": {"wallet": 2, "amount_currency": "USD", "amount": "-3018.00", "running_balance_currency": "USD", "running_balance": "62385.00", "created_at": "2020-05-11T10:20:18.593Z"}}, {"model": "wallets.transaction", "pk": 22, "fields": {"wallet": 2, "amount_currency": "USD", "amount": "-3018.00", "running_balance_currency": "USD", "running_balance": "59367.00", "created_at": "2020-05-11T10:20:24.329Z"}}, {"model": "wallets.transaction", "pk": 23, "fields": {"wallet": 2, "amount_currency": "USD", "amount": "-3018.00", "running_balance_currency": "USD", "running_balance": "56349.00", "created_at": "2020-05-11T10:21:03.116Z"}}, {"model": "wallets.transaction", "pk": 24, "fields": {"wallet": 1, "amount_currency": "USD", "amount": "-1088.00", "running_balance_currency": "USD", "running_balance": "86134.00", "created_at": "2020-05-11T13:05:53.320Z"}}, {"model": "wallets.transaction", "pk": 25, "fields": {"wallet": 1, "amount_currency": "USD", "amount": "-1088.00", "running_balance_currency": "USD", "running_balance": "85046.00", "created_at": "2020-05-11T14:01:14.546Z"}}, {"model": "wallets.transaction", "pk": 26, "fields": {"wallet": 1, "amount_currency": "USD", "amount": "-1088.00", "running_balance_currency": "USD", "running_balance": "83958.00", "created_at": "2020-05-11T14:02:45.538Z"}}, {"model": "wallets.transaction", "pk": 27, "fields": {"wallet": 2, "amount_currency": "USD", "amount": "-3018.00", "running_balance_currency": "USD", "running_balance": "53331.00", "created_at": "2020-05-11T14:07:03.779Z"}}, {"model": "wallets.transaction", "pk": 28, "fields": {"wallet": 2, "amount_currency": "USD", "amount": "-3018.00", "running_balance_currency": "USD", "running_balance": "50313.00", "created_at": "2020-05-11T14:07:13.137Z"}}, {"model": "wallets.transaction", "pk": 29, "fields": {"wallet": 2, "amount_currency": "USD", "amount": "-3018.00", "running_balance_currency": "USD", "running_balance": "47295.00", "created_at": "2020-05-11T14:07:21.843Z"}}, {"model": "wallets.transaction", "pk": 30, "fields": {"wallet": 2, "amount_currency": "USD", "amount": "-3018.00", "running_balance_currency": "USD", "running_balance": "44277.00", "created_at": "2020-05-11T14:08:55.083Z"}}, {"model": "wallets.transaction", "pk": 31, "fields": {"wallet": 2, "amount_currency": "USD", "amount": "-3018.00", "running_balance_currency": "USD", "running_balance": "41259.00", "created_at": "2020-05-11T14:09:28.299Z"}}, {"model": "wallets.transaction", "pk": 32, "fields": {"wallet": 2, "amount_currency": "USD", "amount": "-1053.00", "running_balance_currency": "USD", "running_balance": "40206.00", "created_at": "2020-05-11T14:36:15.131Z"}}, {"model": "wallets.transaction", "pk": 33, "fields": {"wallet": 2, "amount_currency": "USD", "amount": "-1053.00", "running_balance_currency": "USD", "running_balance": "39153.00", "created_at": "2020-05-11T14:38:55.965Z"}}, {"model": "wallets.transaction", "pk": 34, "fields": {"wallet": 2, "amount_currency": "USD", "amount": "-1053.00", "running_balance_currency": "USD", "running_balance": "39153.00", "created_at": "2020-05-11T14:38:56.835Z"}}, {"model": "wallets.transaction", "pk": 35, "fields": {"wallet": 2, "amount_currency": "USD", "amount": "-1053.00", "running_balance_currency": "USD", "running_balance": "38100.00", "created_at": "2020-05-11T14:40:15.930Z"}}, {"model": "wallets.transaction", "pk": 36, "fields": {"wallet": 2, "amount_currency": "USD", "amount": "-1053.00", "running_balance_currency": "USD", "running_balance": "37047.00", "created_at": "2020-05-11T14:40:32.282Z"}}, {"model": "wallets.transaction", "pk": 37, "fields": {"wallet": 2, "amount_currency": "USD", "amount": "-1053.00", "running_balance_currency": "USD", "running_balance": "35994.00", "created_at": "2020-05-11T14:46:24.362Z"}}, {"model": "wallets.transaction", "pk": 38, "fields": {"wallet": 2, "amount_currency": "USD", "amount": "-1053.00", "running_balance_currency": "USD", "running_balance": "34941.00", "created_at": "2020-05-11T14:47:21.483Z"}}, {"model": "wallets.transaction", "pk": 39, "fields": {"wallet": 2, "amount_currency": "USD", "amount": "-1053.00", "running_balance_currency": "USD", "running_balance": "33888.00", "created_at": "2020-05-11T14:51:36.796Z"}}, {"model": "wallets.transaction", "pk": 40, "fields": {"wallet": 2, "amount_currency": "USD", "amount": "-1053.00", "running_balance_currency": "USD", "running_balance": "32835.00", "created_at": "2020-05-11T14:53:39.757Z"}}, {"model": "wallets.transaction", "pk": 41, "fields": {"wallet": 2, "amount_currency": "USD", "amount": "-1053.00", "running_balance_currency": "USD", "running_balance": "31782.00", "created_at": "2020-05-11T14:53:52.251Z"}}, {"model": "wallets.transaction", "pk": 42, "fields": {"wallet": 2, "amount_currency": "USD", "amount": "-1053.00", "running_balance_currency": "USD", "running_balance": "30729.00", "created_at": "2020-05-11T14:55:06.509Z"}}, {"model": "wallets.transaction", "pk": 43, "fields": {"wallet": 2, "amount_currency": "USD", "amount": "-1053.00", "running_balance_currency": "USD", "running_balance": "29676.00", "created_at": "2020-05-11T15:02:10.859Z"}}, {"model": "wallets.transaction", "pk": 44, "fields": {"wallet": 2, "amount_currency": "USD", "amount": "-1053.00", "running_balance_currency": "USD", "running_balance": "28623.00", "created_at": "2020-05-11T15:02:23.268Z"}}, {"model": "wallets.transaction", "pk": 45, "fields": {"wallet": 2, "amount_currency": "USD", "amount": "-1053.00", "running_balance_currency": "USD", "running_balance": "27570.00", "created_at": "2020-05-11T15:13:53.079Z"}}, {"model": "wallets.transaction", "pk": 46, "fields": {"wallet": 2, "amount_currency": "USD", "amount": "-1053.00", "running_balance_currency": "USD", "running_balance": "26517.00", "created_at": "2020-05-11T15:34:03.794Z"}}, {"model": "wallets.transaction", "pk": 47, "fields": {"wallet": 2, "amount_currency": "USD", "amount": "-1053.00", "running_balance_currency": "USD", "running_balance": "25464.00", "created_at": "2020-05-11T15:37:02.250Z"}}, {"model": "wallets.transaction", "pk": 48, "fields": {"wallet": 2, "amount_currency": "USD", "amount": "-1053.00", "running_balance_currency": "USD", "running_balance": "24411.00", "created_at": "2020-05-11T15:37:19.737Z"}}, {"model": "wallets.transaction", "pk": 49, "fields": {"wallet": 2, "amount_currency": "USD", "amount": "-1053.00", "running_balance_currency": "USD", "running_balance": "23358.00", "created_at": "2020-05-11T19:59:07.057Z"}}, {"model": "wallets.transaction", "pk": 50, "fields": {"wallet": 2, "amount_currency": "USD", "amount": "-1053.00", "running_balance_currency": "USD", "running_balance": "22305.00", "created_at": "2020-05-12T09:13:19.324Z"}}, {"model": "wallets.transaction", "pk": 51, "fields": {"wallet": 2, "amount_currency": "USD", "amount": "-1053.00", "running_balance_currency": "USD", "running_balance": "21252.00", "created_at": "2020-05-12T09:18:21.582Z"}}, {"model": "wallets.transaction", "pk": 52, "fields": {"wallet": 2, "amount_currency": "USD", "amount": "-1053.00", "running_balance_currency": "USD", "running_balance": "20199.00", "created_at": "2020-05-12T09:18:33.943Z"}}, {"model": "wallets.transaction", "pk": 53, "fields": {"wallet": 3, "amount_currency": "USD", "amount": "-98.00", "running_balance_currency": "USD", "running_balance": "99902.00", "created_at": "2020-05-12T21:03:33.769Z"}}, {"model": "wallets.transaction", "pk": 54, "fields": {"wallet": 2, "amount_currency": "USD", "amount": "-999.00", "running_balance_currency": "USD", "running_balance": "19200.00", "created_at": "2020-05-21T13:52:47.302Z"}}, {"model": "wallets.transaction", "pk": 55, "fields": {"wallet": 2, "amount_currency": "USD", "amount": "-999.00", "running_balance_currency": "USD", "running_balance": "18201.00", "created_at": "2020-05-21T19:31:14.136Z"}}, {"model": "wallets.transaction", "pk": 56, "fields": {"wallet": 2, "amount_currency": "USD", "amount": "-1210.00", "running_balance_currency": "USD", "running_balance": "16991.00", "created_at": "2020-05-21T21:05:43.375Z"}}, {"model": "wallets.transaction", "pk": 57, "fields": {"wallet": 2, "amount_currency": "USD", "amount": "-1210.00", "running_balance_currency": "USD", "running_balance": "15781.00", "created_at": "2020-05-21T21:05:51.500Z"}}, {"model": "wallets.transaction", "pk": 58, "fields": {"wallet": 2, "amount_currency": "USD", "amount": "-1210.00", "running_balance_currency": "USD", "running_balance": "14571.00", "created_at": "2020-05-21T21:06:14.933Z"}}, {"model": "wallets.transaction", "pk": 59, "fields": {"wallet": 2, "amount_currency": "USD", "amount": "-253.00", "running_balance_currency": "USD", "running_balance": "14318.00", "created_at": "2020-05-22T10:52:34.076Z"}}, {"model": "auth.permission", "pk": 1, "fields": {"name": "Can add log entry", "content_type": 1, "codename": "add_logentry"}}, {"model": "auth.permission", "pk": 2, "fields": {"name": "Can change log entry", "content_type": 1, "codename": "change_logentry"}}, {"model": "auth.permission", "pk": 3, "fields": {"name": "Can delete log entry", "content_type": 1, "codename": "delete_logentry"}}, {"model": "auth.permission", "pk": 4, "fields": {"name": "Can view log entry", "content_type": 1, "codename": "view_logentry"}}, {"model": "auth.permission", "pk": 5, "fields": {"name": "Can add association", "content_type": 2, "codename": "add_association"}}, {"model": "auth.permission", "pk": 6, "fields": {"name": "Can change association", "content_type": 2, "codename": "change_association"}}, {"model": "auth.permission", "pk": 7, "fields": {"name": "Can delete association", "content_type": 2, "codename": "delete_association"}}, {"model": "auth.permission", "pk": 8, "fields": {"name": "Can view association", "content_type": 2, "codename": "view_association"}}, {"model": "auth.permission", "pk": 9, "fields": {"name": "Can add code", "content_type": 3, "codename": "add_code"}}, {"model": "auth.permission", "pk": 10, "fields": {"name": "Can change code", "content_type": 3, "codename": "change_code"}}, {"model": "auth.permission", "pk": 11, "fields": {"name": "Can delete code", "content_type": 3, "codename": "delete_code"}}, {"model": "auth.permission", "pk": 12, "fields": {"name": "Can view code", "content_type": 3, "codename": "view_code"}}, {"model": "auth.permission", "pk": 13, "fields": {"name": "Can add nonce", "content_type": 4, "codename": "add_nonce"}}, {"model": "auth.permission", "pk": 14, "fields": {"name": "Can change nonce", "content_type": 4, "codename": "change_nonce"}}, {"model": "auth.permission", "pk": 15, "fields": {"name": "Can delete nonce", "content_type": 4, "codename": "delete_nonce"}}, {"model": "auth.permission", "pk": 16, "fields": {"name": "Can view nonce", "content_type": 4, "codename": "view_nonce"}}, {"model": "auth.permission", "pk": 17, "fields": {"name": "Can add user social auth", "content_type": 5, "codename": "add_usersocialauth"}}, {"model": "auth.permission", "pk": 18, "fields": {"name": "Can change user social auth", "content_type": 5, "codename": "change_usersocialauth"}}, {"model": "auth.permission", "pk": 19, "fields": {"name": "Can delete user social auth", "content_type": 5, "codename": "delete_usersocialauth"}}, {"model": "auth.permission", "pk": 20, "fields": {"name": "Can view user social auth", "content_type": 5, "codename": "view_usersocialauth"}}, {"model": "auth.permission", "pk": 21, "fields": {"name": "Can add partial", "content_type": 6, "codename": "add_partial"}}, {"model": "auth.permission", "pk": 22, "fields": {"name": "Can change partial", "content_type": 6, "codename": "change_partial"}}, {"model": "auth.permission", "pk": 23, "fields": {"name": "Can delete partial", "content_type": 6, "codename": "delete_partial"}}, {"model": "auth.permission", "pk": 24, "fields": {"name": "Can view partial", "content_type": 6, "codename": "view_partial"}}, {"model": "auth.permission", "pk": 25, "fields": {"name": "Can add permission", "content_type": 7, "codename": "add_permission"}}, {"model": "auth.permission", "pk": 26, "fields": {"name": "Can change permission", "content_type": 7, "codename": "change_permission"}}, {"model": "auth.permission", "pk": 27, "fields": {"name": "Can delete permission", "content_type": 7, "codename": "delete_permission"}}, {"model": "auth.permission", "pk": 28, "fields": {"name": "Can view permission", "content_type": 7, "codename": "view_permission"}}, {"model": "auth.permission", "pk": 29, "fields": {"name": "Can add group", "content_type": 8, "codename": "add_group"}}, {"model": "auth.permission", "pk": 30, "fields": {"name": "Can change group", "content_type": 8, "codename": "change_group"}}, {"model": "auth.permission", "pk": 31, "fields": {"name": "Can delete group", "content_type": 8, "codename": "delete_group"}}, {"model": "auth.permission", "pk": 32, "fields": {"name": "Can view group", "content_type": 8, "codename": "view_group"}}, {"model": "auth.permission", "pk": 33, "fields": {"name": "Can add user", "content_type": 9, "codename": "add_user"}}, {"model": "auth.permission", "pk": 34, "fields": {"name": "Can change user", "content_type": 9, "codename": "change_user"}}, {"model": "auth.permission", "pk": 35, "fields": {"name": "Can delete user", "content_type": 9, "codename": "delete_user"}}, {"model": "auth.permission", "pk": 36, "fields": {"name": "Can view user", "content_type": 9, "codename": "view_user"}}, {"model": "auth.permission", "pk": 37, "fields": {"name": "Can add content type", "content_type": 10, "codename": "add_contenttype"}}, {"model": "auth.permission", "pk": 38, "fields": {"name": "Can change content type", "content_type": 10, "codename": "change_contenttype"}}, {"model": "auth.permission", "pk": 39, "fields": {"name": "Can delete content type", "content_type": 10, "codename": "delete_contenttype"}}, {"model": "auth.permission", "pk": 40, "fields": {"name": "Can view content type", "content_type": 10, "codename": "view_contenttype"}}, {"model": "auth.permission", "pk": 41, "fields": {"name": "Can add session", "content_type": 11, "codename": "add_session"}}, {"model": "auth.permission", "pk": 42, "fields": {"name": "Can change session", "content_type": 11, "codename": "change_session"}}, {"model": "auth.permission", "pk": 43, "fields": {"name": "Can delete session", "content_type": 11, "codename": "delete_session"}}, {"model": "auth.permission", "pk": 44, "fields": {"name": "Can view session", "content_type": 11, "codename": "view_session"}}, {"model": "auth.permission", "pk": 45, "fields": {"name": "Can add cart", "content_type": 12, "codename": "add_cart"}}, {"model": "auth.permission", "pk": 46, "fields": {"name": "Can change cart", "content_type": 12, "codename": "change_cart"}}, {"model": "auth.permission", "pk": 47, "fields": {"name": "Can delete cart", "content_type": 12, "codename": "delete_cart"}}, {"model": "auth.permission", "pk": 48, "fields": {"name": "Can view cart", "content_type": 12, "codename": "view_cart"}}, {"model": "auth.permission", "pk": 49, "fields": {"name": "Can add product", "content_type": 13, "codename": "add_product"}}, {"model": "auth.permission", "pk": 50, "fields": {"name": "Can change product", "content_type": 13, "codename": "change_product"}}, {"model": "auth.permission", "pk": 51, "fields": {"name": "Can delete product", "content_type": 13, "codename": "delete_product"}}, {"model": "auth.permission", "pk": 52, "fields": {"name": "Can view product", "content_type": 13, "codename": "view_product"}}, {"model": "auth.permission", "pk": 53, "fields": {"name": "Can add exterior", "content_type": 14, "codename": "add_exterior"}}, {"model": "auth.permission", "pk": 54, "fields": {"name": "Can change exterior", "content_type": 14, "codename": "change_exterior"}}, {"model": "auth.permission", "pk": 55, "fields": {"name": "Can delete exterior", "content_type": 14, "codename": "delete_exterior"}}, {"model": "auth.permission", "pk": 56, "fields": {"name": "Can view exterior", "content_type": 14, "codename": "view_exterior"}}, {"model": "auth.permission", "pk": 57, "fields": {"name": "Can add interior", "content_type": 15, "codename": "add_interior"}}, {"model": "auth.permission", "pk": 58, "fields": {"name": "Can change interior", "content_type": 15, "codename": "change_interior"}}, {"model": "auth.permission", "pk": 59, "fields": {"name": "Can delete interior", "content_type": 15, "codename": "delete_interior"}}, {"model": "auth.permission", "pk": 60, "fields": {"name": "Can view interior", "content_type": 15, "codename": "view_interior"}}, {"model": "auth.permission", "pk": 61, "fields": {"name": "Can add order", "content_type": 16, "codename": "add_order"}}, {"model": "auth.permission", "pk": 62, "fields": {"name": "Can change order", "content_type": 16, "codename": "change_order"}}, {"model": "auth.permission", "pk": 63, "fields": {"name": "Can delete order", "content_type": 16, "codename": "delete_order"}}, {"model": "auth.permission", "pk": 64, "fields": {"name": "Can view order", "content_type": 16, "codename": "view_order"}}, {"model": "auth.permission", "pk": 65, "fields": {"name": "Can add fence", "content_type": 17, "codename": "add_fence"}}, {"model": "auth.permission", "pk": 66, "fields": {"name": "Can change fence", "content_type": 17, "codename": "change_fence"}}, {"model": "auth.permission", "pk": 67, "fields": {"name": "Can delete fence", "content_type": 17, "codename": "delete_fence"}}, {"model": "auth.permission", "pk": 68, "fields": {"name": "Can view fence", "content_type": 17, "codename": "view_fence"}}, {"model": "auth.permission", "pk": 69, "fields": {"name": "Can add floor coverage", "content_type": 18, "codename": "add_floorcoverage"}}, {"model": "auth.permission", "pk": 70, "fields": {"name": "Can change floor coverage", "content_type": 18, "codename": "change_floorcoverage"}}, {"model": "auth.permission", "pk": 71, "fields": {"name": "Can delete floor coverage", "content_type": 18, "codename": "delete_floorcoverage"}}, {"model": "auth.permission", "pk": 72, "fields": {"name": "Can view floor coverage", "content_type": 18, "codename": "view_floorcoverage"}}, {"model": "auth.permission", "pk": 73, "fields": {"name": "Can add furniture", "content_type": 19, "codename": "add_furniture"}}, {"model": "auth.permission", "pk": 74, "fields": {"name": "Can change furniture", "content_type": 19, "codename": "change_furniture"}}, {"model": "auth.permission", "pk": 75, "fields": {"name": "Can delete furniture", "content_type": 19, "codename": "delete_furniture"}}, {"model": "auth.permission", "pk": 76, "fields": {"name": "Can view furniture", "content_type": 19, "codename": "view_furniture"}}, {"model": "auth.permission", "pk": 77, "fields": {"name": "Can add ground coverage", "content_type": 20, "codename": "add_groundcoverage"}}, {"model": "auth.permission", "pk": 78, "fields": {"name": "Can change ground coverage", "content_type": 20, "codename": "change_groundcoverage"}}, {"model": "auth.permission", "pk": 79, "fields": {"name": "Can delete ground coverage", "content_type": 20, "codename": "delete_groundcoverage"}}, {"model": "auth.permission", "pk": 80, "fields": {"name": "Can view ground coverage", "content_type": 20, "codename": "view_groundcoverage"}}, {"model": "auth.permission", "pk": 81, "fields": {"name": "Can add light", "content_type": 21, "codename": "add_light"}}, {"model": "auth.permission", "pk": 82, "fields": {"name": "Can change light", "content_type": 21, "codename": "change_light"}}, {"model": "auth.permission", "pk": 83, "fields": {"name": "Can delete light", "content_type": 21, "codename": "delete_light"}}, {"model": "auth.permission", "pk": 84, "fields": {"name": "Can view light", "content_type": 21, "codename": "view_light"}}, {"model": "auth.permission", "pk": 85, "fields": {"name": "Can add paint", "content_type": 22, "codename": "add_paint"}}, {"model": "auth.permission", "pk": 86, "fields": {"name": "Can change paint", "content_type": 22, "codename": "change_paint"}}, {"model": "auth.permission", "pk": 87, "fields": {"name": "Can delete paint", "content_type": 22, "codename": "delete_paint"}}, {"model": "auth.permission", "pk": 88, "fields": {"name": "Can view paint", "content_type": 22, "codename": "view_paint"}}, {"model": "auth.permission", "pk": 89, "fields": {"name": "Can add plumbing", "content_type": 23, "codename": "add_plumbing"}}, {"model": "auth.permission", "pk": 90, "fields": {"name": "Can change plumbing", "content_type": 23, "codename": "change_plumbing"}}, {"model": "auth.permission", "pk": 91, "fields": {"name": "Can delete plumbing", "content_type": 23, "codename": "delete_plumbing"}}, {"model": "auth.permission", "pk": 92, "fields": {"name": "Can view plumbing", "content_type": 23, "codename": "view_plumbing"}}, {"model": "auth.permission", "pk": 93, "fields": {"name": "Can add profile", "content_type": 24, "codename": "add_profile"}}, {"model": "auth.permission", "pk": 94, "fields": {"name": "Can change profile", "content_type": 24, "codename": "change_profile"}}, {"model": "auth.permission", "pk": 95, "fields": {"name": "Can delete profile", "content_type": 24, "codename": "delete_profile"}}, {"model": "auth.permission", "pk": 96, "fields": {"name": "Can view profile", "content_type": 24, "codename": "view_profile"}}, {"model": "auth.permission", "pk": 97, "fields": {"name": "Can add wallet", "content_type": 25, "codename": "add_wallet"}}, {"model": "auth.permission", "pk": 98, "fields": {"name": "Can change wallet", "content_type": 25, "codename": "change_wallet"}}, {"model": "auth.permission", "pk": 99, "fields": {"name": "Can delete wallet", "content_type": 25, "codename": "delete_wallet"}}, {"model": "auth.permission", "pk": 100, "fields": {"name": "Can view wallet", "content_type": 25, "codename": "view_wallet"}}, {"model": "auth.permission", "pk": 101, "fields": {"name": "Can add transaction", "content_type": 26, "codename": "add_transaction"}}, {"model": "auth.permission", "pk": 102, "fields": {"name": "Can change transaction", "content_type": 26, "codename": "change_transaction"}}, {"model": "auth.permission", "pk": 103, "fields": {"name": "Can delete transaction", "content_type": 26, "codename": "delete_transaction"}}, {"model": "auth.permission", "pk": 104, "fields": {"name": "Can view transaction", "content_type": 26, "codename": "view_transaction"}}, {"model": "auth.user", "pk": 1, "fields": {"password": "pbkdf2_sha256$180000$t2DYksSSAQC7$ixtNH5lks4pZdbqs6XQU0EFUcr+bwOED9xKZUF3yb9o=", "last_login": "2020-05-22T12:39:49.584Z", "is_superuser": true, "username": "ann", "first_name": "ann", "last_name": "", "email": "ann@yandex.ru", "is_staff": true, "is_active": true, "date_joined": "2020-04-27T20:27:16.831Z", "groups": [], "user_permissions": []}}, {"model": "auth.user", "pk": 2, "fields": {"password": "pbkdf2_sha256$180000$qqWWPCzvj2Js$l3hqH4jDsa3WfSnq4sxLjRFwhri6xClw2LJvCgE0ns4=", "last_login": "2020-05-11T08:57:15.115Z", "is_superuser": false, "username": "test_seller", "first_name": "Test", "last_name": "Seller", "email": "a.a@ff.eu", "is_staff": false, "is_active": true, "date_joined": "2020-05-01T21:27:15.187Z", "groups": [], "user_permissions": []}}]
